Date,GPU Model,GPU Count,VRAM (GB),vCPUs,System RAM(GB),Local Storage(TB),On-Demand Price (Per Hour),Spot Price (Per Hour),Inference Single GPU Price(Per Hour)²
2026-10-08,NVIDIA GB300 NVL72,4^1,279,144,960,61.44,Contact sales,N/A,Contact sales
2026-10-08,NVIDIA GB200 NVL72,4^1,186,144,960,30.72,$42.00,N/A,$10.50
2026-10-08,NVIDIA HGX B300,8,270,192,"4,096",61.44,Contact sales,$35.84,Contact sales
2026-10-08,NVIDIA HGX B200,8,180,128,"2,048",61.44,$68.80,$34.11,$8.60
2026-10-08,NVIDIA RTX PRO 6000 Blackwell Server Edition (High Memory),8,96,128,"1,024",7.68,$20.00,$11.09,$2.50
2026-10-08,NVIDIA RTX PRO 6000 Blackwell Server Edition (Standard Memory),8,96,128,512,7.68,Contact sales,$9.56,Contact sales
2026-10-08,NVIDIA GH200,1,96,72,480,7.68,$6.50,N/A,$6.50
2026-10-08,NVIDIA HGX H100,8,80,128,"2,048",61.44,$49.24,$19.71,$6.16
2026-10-08,NVIDIA L40,8,48,128,"1,024",7.68,$10.00,$6.27,$1.25
2026-10-08,NVIDIA HGX H200,8,141,128,"2,048",61.44,$50.44,$20.93,$6.31
2026-10-08,NVIDIA L40S,8,48,128,"1,024",7.68,$18.00,$7.88,$2.25
2026-10-08,NVIDIA A100,8,80,128,"2,048",7.68,$21.60,$9.65,$2.70
2026-10-09,NVIDIA GB300 NVL72,4^1,279,144,960,61.44,Contact sales,N/A,Contact sales
2026-10-09,NVIDIA GB200 NVL72,4^1,186,144,960,30.72,$42.00,N/A,$10.50
2026-10-09,NVIDIA HGX B300,8,270,192,"4,096",61.44,Contact sales,$35.84,Contact sales
2026-10-09,NVIDIA HGX B200,8,180,128,"2,048",61.44,$68.80,$34.11,$8.60
2026-10-09,NVIDIA RTX PRO 6000 Blackwell Server Edition (High Memory),8,96,128,"1,024",7.68,$20.00,$11.09,$2.50
2026-10-09,NVIDIA RTX PRO 6000 Blackwell Server Edition (Standard Memory),8,96,128,512,7.68,Contact sales,$9.56,Contact sales
2026-10-09,NVIDIA GH200,1,96,72,480,7.68,$6.50,N/A,$6.50
2026-10-09,NVIDIA HGX H100,8,80,128,"2,048",61.44,$49.24,$19.71,$6.16
2026-10-09,NVIDIA L40,8,48,128,"1,024",7.68,$10.00,$6.27,$1.25
2026-10-09,NVIDIA HGX H200,8,141,128,"2,048",61.44,$50.44,$20.93,$6.31
2026-10-09,NVIDIA L40S,8,48,128,"1,024",7.68,$18.00,$7.88,$2.25
2026-10-09,NVIDIA A100,8,80,128,"2,048",7.68,$21.60,$9.65,$2.70
2026-10-10,NVIDIA GB300 NVL72,4^1,279,144,960,61.44,Contact sales,N/A,Contact sales
2026-10-10,NVIDIA GB200 NVL72,4^1,186,144,960,30.72,$42.00,N/A,$10.50
2026-10-10,NVIDIA HGX B300,8,270,192,"4,096",61.44,Contact sales,$35.84,Contact sales
2026-10-10,NVIDIA HGX B200,8,180,128,"2,048",61.44,$68.80,$34.11,$8.60
2026-10-10,NVIDIA RTX PRO 6000 Blackwell Server Edition (High Memory),8,96,128,"1,024",7.68,$20.00,$11.09,$2.50
2026-10-10,NVIDIA RTX PRO 6000 Blackwell Server Edition (Standard Memory),8,96,128,512,7.68,Contact sales,$9.56,Contact sales
2026-10-10,NVIDIA GH200,1,96,72,480,7.68,$6.50,N/A,$6.50
2026-10-10,NVIDIA HGX H100,8,80,128,"2,048",61.44,$49.24,$19.71,$6.16
2026-10-10,NVIDIA L40,8,48,128,"1,024",7.68,$10.00,$6.27,$1.25
2026-10-10,NVIDIA HGX H200,8,141,128,"2,048",61.44,$50.44,$20.93,$6.31
2026-10-10,NVIDIA L40S,8,48,128,"1,024",7.68,$18.00,$7.88,$2.25
2026-10-10,NVIDIA A100,8,80,128,"2,048",7.68,$21.60,$9.65,$2.70
