Date,Hardware,CPUs,RAM,GPU VRAM,Price,Spot price
2026-10-08,1x GB300 SXM6 288GB,32,225 GB,288 GB,$10.63/h,$5.32/h
2026-10-08,1x B300 SXM6 268GB,30,255 GB,268 GB,$9.24/h,$4.62/h
2026-10-08,1x B200 SXM6 180GB,30,170 GB,180 GB,$7.34/h,$3.67/h
2026-10-08,1x H200 SXM5 141GB,44,170 GB,141 GB,$5.07/h,$2.54/h
2026-10-08,1x H100 SXM5 80GB,30,120 GB,80 GB,$3.89/h,$1.95/h
2026-10-08,1x H100 SXM5 80GB,32,170 GB,80 GB,$3.89/h,$1.95/h
2026-10-08,1x A100 SXM4 80GB,22,120 GB,80 GB,$1.87/h,$0.9350/h
2026-10-08,1x A100 SXM4 40GB,22,120 GB,40 GB,$1.36/h,$0.6795/h
2026-10-08,1x Tesla V100 16GB,6,23 GB,16 GB,$0.2040/h,$0.1020/h
2026-10-08,1x RTX PRO 6000 96GB,30,90 GB,96 GB,$2.15/h,$1.07/h
2026-10-08,1x L40S 48GB,20,60 GB,48 GB,$1.61/h,$0.8030/h
2026-10-08,1x RTX 6000 Ada 48GB,10,60 GB,48 GB,$1.21/h,$0.6070/h
2026-10-08,1x RTX A6000 48GB,10,60 GB,48 GB,$0.6850/h,$0.3425/h
2026-10-08,1x RTX PRO 6000 CC 96GB,30,90 GB,96 GB,$2.19/h,$1.09/h
